<?xml version="1.0"?>
<ruleset name="WHMCS">

    <file>.</file>
    <exclude-pattern>build/*</exclude-pattern>
    <exclude-pattern>vendor/*</exclude-pattern>
    <exclude-pattern>tests/*</exclude-pattern>

    <!-- PSR 1 -->
    <rule ref="PSR1">
        <exclude name="PSR1.Files.SideEffects"/>
    </rule>

    <!-- PSR 2 -->
    <rule ref="PSR2"/>

    <!-- PHPCompatibility -->
    <config name="installed_paths" value="vendor/frenck/php-compatibility" />
    <config name="testVersion" value="5.3-7.1"/>

    <rule ref="PHPCompatibility">
        <exclude name="PHPCompatibility.PHP.DefaultTimezoneRequired" />
    </rule>
</ruleset>
